{"eval_loss": 0.6806591153144836, "eval_accuracy": 0.7777777910232544, "eval_runtime": 0.5468, "eval_samples_per_second": 65.84, "eval_steps_per_second": 9.144}