{"eval_loss": 1.766067624092102, "eval_accuracy": 0.8055555820465088, "eval_runtime": 0.6368, "eval_samples_per_second": 56.531, "eval_steps_per_second": 7.851}