{"eval_loss": 1.282354712486267, "eval_accuracy": 0.8440357446670532, "eval_runtime": 20.7552, "eval_samples_per_second": 474.194, "eval_steps_per_second": 59.31}