{"eval_loss": 3.539346694946289, "eval_accuracy": 0.13970737159252167, "eval_runtime": 22.3009, "eval_samples_per_second": 441.328, "eval_steps_per_second": 55.2}