{"eval_loss": 1.766067624092102, "eval_accuracy": 0.8055555820465088, "eval_runtime": 0.6475, "eval_samples_per_second": 55.595, "eval_steps_per_second": 7.721}