{"eval_loss": 0.31548207998275757, "eval_accuracy": 0.8865067958831787, "eval_runtime": 20.2629, "eval_samples_per_second": 485.715, "eval_steps_per_second": 60.751}