{"eval_loss": 2.9065961837768555, "eval_accuracy": 0.1388888955116272, "eval_runtime": 0.6421, "eval_samples_per_second": 56.065, "eval_steps_per_second": 7.787}