{"eval_loss": 0.5002257823944092, "eval_accuracy": 0.8055555820465088, "eval_runtime": 0.8393, "eval_samples_per_second": 42.891, "eval_steps_per_second": 5.957}